<?xml version="1.0" encoding="UTF-8"?>
<configurationDescriptor version="69">
  <logicalFolder name="root" displayName="root" projectFiles="true">
    <logicalFolder name="HeaderFiles"
                   displayName="Header Files"
                   projectFiles="true"
                   kind="SOURCE_LOGICAL_FOLDER">
      <itemPath>CommonCHeaders.h</itemPath>
      <itemPath>CommonHeaders.h</itemPath>
      <itemPath>DataStructures.h</itemPath>
      <itemPath>mferror.h</itemPath>
      <itemPath>mfiber.h</itemPath>
      <itemPath>mfmutex.h</itemPath>
    </logicalFolder>
    <logicalFolder name="ResourceFiles"
                   displayName="Resource Files"
                   projectFiles="true"
                   kind="SOURCE_LOGICAL_FOLDER">
    </logicalFolder>
    <logicalFolder name="SourceFiles"
                   displayName="Source Files"
                   projectFiles="true"
                   kind="SOURCE_LOGICAL_FOLDER">
      <itemPath>DataStructures.c</itemPath>
      <itemPath>main.c</itemPath>
      <itemPath>mfiber.c</itemPath>
      <itemPath>mfmutex.c</itemPath>
      <itemPath>scheduler.c</itemPath>
    </logicalFolder>
    <logicalFolder name="TestFiles"
                   displayName="Test Files"
                   projectFiles="false"
                   kind="TEST_LOGICAL_FOLDER">
    </logicalFolder>
    <logicalFolder name="ExternalFiles"
                   displayName="Important Files"
                   projectFiles="false"
                   kind="IMPORTANT_FILES_FOLDER">
      <itemPath>Makefile</itemPath>
    </logicalFolder>
  </logicalFolder>
  <projectmakefile>Makefile</projectmakefile>
  <confs>
    <conf name="Debug" type="1">
      <toolsSet>
        <developmentServer>localhost</developmentServer>
        <compilerSet>GNU|GNU</compilerSet>
        <platform>2</platform>
      </toolsSet>
      <compileType>
      </compileType>
    </conf>
    <conf name="Release" type="1">
      <toolsSet>
        <developmentServer>localhost</developmentServer>
        <compilerSet>GNU|GNU</compilerSet>
        <platform>2</platform>
      </toolsSet>
      <compileType>
        <cTool>
          <developmentMode>5</developmentMode>
        </cTool>
        <ccTool>
          <developmentMode>5</developmentMode>
        </ccTool>
        <fortranCompilerTool>
          <developmentMode>5</developmentMode>
        </fortranCompilerTool>
        <asmTool>
          <developmentMode>5</developmentMode>
        </asmTool>
      </compileType>
    </conf>
  </confs>
</configurationDescriptor>
